{
  "0": {
    "precision": 0.6560942455822383,
    "recall": 0.7008712487899322,
    "f1-score": 0.677743973788907,
    "support": 2066.0
  },
  "1": {
    "precision": 0.6546250684181719,
    "recall": 0.6111394992335207,
    "f1-score": 0.6321353065539113,
    "support": 1957.0
  },
  "2": {
    "precision": 0.9989827060020345,
    "recall": 0.9934243803743045,
    "f1-score": 0.9961957900076084,
    "support": 1977.0
  },
  "accuracy": 0.768,
  "macro avg": {
    "precision": 0.7699006733341482,
    "recall": 0.7684783761325858,
    "f1-score": 0.7686916901168089,
    "support": 6000.0
  },
  "weighted avg": {
    "precision": 0.7685967966722149,
    "recall": 0.768,
    "f1-score": 0.7677978202698214,
    "support": 6000.0
  }
}