{
  "0": {
    "precision": 0.66986739826246,
    "recall": 0.7090997095837367,
    "f1-score": 0.6889254643780861,
    "support": 2066.0
  },
  "1": {
    "precision": 0.6721132897603486,
    "recall": 0.6305569749616761,
    "f1-score": 0.6506722910624835,
    "support": 1957.0
  },
  "2": {
    "precision": 0.9989883662114315,
    "recall": 0.9989883662114315,
    "f1-score": 0.9989883662114315,
    "support": 1977.0
  },
  "accuracy": 0.779,
  "macro avg": {
    "precision": 0.78032301807808,
    "recall": 0.7795483502522814,
    "f1-score": 0.7795287072173337,
    "support": 6000.0
  },
  "weighted avg": {
    "precision": 0.7790452921452075,
    "recall": 0.779,
    "f1-score": 0.778614280502401,
    "support": 6000.0
  }
}