{
  "0": {
    "precision": 0.0,
    "recall": 0.0,
    "f1-score": 0.0,
    "support": 1984.0
  },
  "1": {
    "precision": 0.5062065541211519,
    "recall": 0.9985308521057786,
    "f1-score": 0.6718286655683691,
    "support": 2042.0
  },
  "2": {
    "precision": 0.9984779299847792,
    "recall": 0.9974657881398885,
    "f1-score": 0.9979716024340771,
    "support": 1973.0
  },
  "accuracy": 0.6679446574429071,
  "macro avg": {
    "precision": 0.501561494701977,
    "recall": 0.6653322134152223,
    "f1-score": 0.5566000893341487,
    "support": 5999.0
  },
  "weighted avg": {
    "precision": 0.5006952391024106,
    "recall": 0.6679446574429071,
    "f1-score": 0.5569048352547165,
    "support": 5999.0
  }
}