{
  "0": {
    "precision": 0.5245590230664857,
    "recall": 0.9742943548387096,
    "f1-score": 0.6819544893279238,
    "support": 1984.0
  },
  "1": {
    "precision": 0.8293269230769231,
    "recall": 0.16895200783545544,
    "f1-score": 0.2807160292921074,
    "support": 2042.0
  },
  "2": {
    "precision": 1.0,
    "recall": 0.9619868220983274,
    "f1-score": 0.9806251614569879,
    "support": 1973.0
  },
  "accuracy": 0.6961160193365561,
  "macro avg": {
    "precision": 0.7846286487144697,
    "recall": 0.7017443949241642,
    "f1-score": 0.6477652266923397,
    "support": 5999.0
  },
  "weighted avg": {
    "precision": 0.7846658907629579,
    "recall": 0.6961160193365561,
    "f1-score": 0.6436061480572963,
    "support": 5999.0
  }
}