{
  "0": {
    "precision": 0.35676199709161416,
    "recall": 0.712487899322362,
    "f1-score": 0.4754521963824289,
    "support": 2066.0
  },
  "1": {
    "precision": 0.0,
    "recall": 0.0,
    "f1-score": 0.0,
    "support": 1957.0
  },
  "2": {
    "precision": 0.35805763073639274,
    "recall": 0.33940313606474454,
    "f1-score": 0.3484809140482991,
    "support": 1977.0
  },
  "accuracy": 0.3571666666666667,
  "macro avg": {
    "precision": 0.2382732092760023,
    "recall": 0.3506303451290355,
    "f1-score": 0.274644370143576,
    "support": 6000.0
  },
  "weighted avg": {
    "precision": 0.24082503699285387,
    "recall": 0.3571666666666667,
    "f1-score": 0.2785385007999309,
    "support": 6000.0
  }
}