{
  "0": {
    "precision": 0.31566713156671317,
    "recall": 0.6316279069767442,
    "f1-score": 0.4209547427154371,
    "support": 1075.0
  },
  "1": {
    "precision": 0.5,
    "recall": 0.0007993605115907274,
    "f1-score": 0.0015961691939345571,
    "support": 1251.0
  },
  "2": {
    "precision": 0.4126315789473684,
    "recall": 0.4696485623003195,
    "f1-score": 0.43929772132984685,
    "support": 1252.0
  },
  "accuracy": 0.354387926215763,
  "macro avg": {
    "precision": 0.4094329035046939,
    "recall": 0.36735860992955144,
    "f1-score": 0.2872828777464062,
    "support": 3578.0
  },
  "weighted avg": {
    "precision": 0.41404608811523813,
    "recall": 0.354387926215763,
    "f1-score": 0.2807501126846493,
    "support": 3578.0
  }
}