{
  "0": {
    "precision": 0.0,
    "recall": 0.0,
    "f1-score": 0.0,
    "support": 1075.0
  },
  "1": {
    "precision": 0.5350537634408602,
    "recall": 0.9944044764188649,
    "f1-score": 0.6957494407158836,
    "support": 1251.0
  },
  "2": {
    "precision": 0.9928172386272945,
    "recall": 0.9936102236421726,
    "f1-score": 0.9932135728542915,
    "support": 1252.0
  },
  "accuracy": 0.6953605366126328,
  "macro avg": {
    "precision": 0.5092903340227183,
    "recall": 0.6626715666870124,
    "f1-score": 0.5629876711900583,
    "support": 3578.0
  },
  "weighted avg": {
    "precision": 0.534477205373362,
    "recall": 0.6953605366126328,
    "f1-score": 0.5908009903714766,
    "support": 3578.0
  }
}