{
  "0": {
    "precision": 0.0,
    "recall": 0.0,
    "f1-score": 0.0,
    "support": 1075.0
  },
  "1": {
    "precision": 0.5301358234295416,
    "recall": 0.9984012789768185,
    "f1-score": 0.6925422789021347,
    "support": 1251.0
  },
  "2": {
    "precision": 0.9983633387888707,
    "recall": 0.9744408945686901,
    "f1-score": 0.9862570735650767,
    "support": 1252.0
  },
  "accuracy": 0.6900503074343208,
  "macro avg": {
    "precision": 0.5094997207394708,
    "recall": 0.6576140578485029,
    "f1-score": 0.5595997841557372,
    "support": 3578.0
  },
  "weighted avg": {
    "precision": 0.5346983832515435,
    "recall": 0.6900503074343208,
    "f1-score": 0.5872454575209746,
    "support": 3578.0
  }
}