{
  "0": {
    "precision": 0.33072178696449406,
    "recall": 1.0,
    "f1-score": 0.4970562445196042,
    "support": 1984.0
  },
  "1": {
    "precision": 0.0,
    "recall": 0.0,
    "f1-score": 0.0,
    "support": 2042.0
  },
  "2": {
    "precision": 0.0,
    "recall": 0.0,
    "f1-score": 0.0,
    "support": 1973.0
  },
  "accuracy": 0.33072178696449406,
  "macro avg": {
    "precision": 0.11024059565483135,
    "recall": 0.3333333333333333,
    "f1-score": 0.16568541483986807,
    "support": 5999.0
  },
  "weighted avg": {
    "precision": 0.1093769003729882,
    "recall": 0.33072178696449406,
    "f1-score": 0.16438732940938403,
    "support": 5999.0
  }
}