{
  "0": {
    "precision": 0.0,
    "recall": 0.0,
    "f1-score": 0.0,
    "support": 2066.0
  },
  "1": {
    "precision": 0.32616666666666666,
    "recall": 1.0,
    "f1-score": 0.49189392987306774,
    "support": 1957.0
  },
  "2": {
    "precision": 0.0,
    "recall": 0.0,
    "f1-score": 0.0,
    "support": 1977.0
  },
  "accuracy": 0.32616666666666666,
  "macro avg": {
    "precision": 0.10872222222222222,
    "recall": 0.3333333333333333,
    "f1-score": 0.1639646432910226,
    "support": 6000.0
  },
  "weighted avg": {
    "precision": 0.10638469444444446,
    "recall": 0.32616666666666666,
    "f1-score": 0.16043940346026558,
    "support": 6000.0
  }
}