{
  "0": {
    "precision": 0.0,
    "recall": 0.0,
    "f1-score": 0.0,
    "support": 1075.0
  },
  "1": {
    "precision": 0.5367741935483871,
    "recall": 0.9976019184652278,
    "f1-score": 0.697986577181208,
    "support": 1251.0
  },
  "2": {
    "precision": 0.9960095770151636,
    "recall": 0.9968051118210862,
    "f1-score": 0.9964071856287425,
    "support": 1252.0
  },
  "accuracy": 0.6975964225824483,
  "macro avg": {
    "precision": 0.5109279235211835,
    "recall": 0.6648023434287714,
    "f1-score": 0.5647979209366502,
    "support": 3578.0
  },
  "weighted avg": {
    "precision": 0.5361957815964273,
    "recall": 0.6975964225824483,
    "f1-score": 0.5927006720125424,
    "support": 3578.0
  }
}