{
  "0": {
    "precision": 0.49299809038828774,
    "recall": 0.7807459677419355,
    "f1-score": 0.6043698790479907,
    "support": 1984.0
  },
  "1": {
    "precision": 0.4734375,
    "recall": 0.14838393731635652,
    "f1-score": 0.22595078299776286,
    "support": 2042.0
  },
  "2": {
    "precision": 0.8899413622011727,
    "recall": 1.0,
    "f1-score": 0.9417661097852028,
    "support": 1973.0
  },
  "accuracy": 0.6376062677112853,
  "macro avg": {
    "precision": 0.6187923175298201,
    "recall": 0.6430433016860974,
    "f1-score": 0.5906955906103187,
    "support": 5999.0
  },
  "weighted avg": {
    "precision": 0.6168897972917614,
    "recall": 0.6376062677112853,
    "f1-score": 0.5865253998197784,
    "support": 5999.0
  }
}