{
  "0": {
    "precision": 0.5294117647058824,
    "recall": 0.008372093023255815,
    "f1-score": 0.016483516483516484,
    "support": 1075.0
  },
  "1": {
    "precision": 0.5370932754880694,
    "recall": 0.9896083133493205,
    "f1-score": 0.6962879640044994,
    "support": 1251.0
  },
  "2": {
    "precision": 0.9944267515923567,
    "recall": 0.9976038338658147,
    "f1-score": 0.9960127591706539,
    "support": 1252.0
  },
  "accuracy": 0.6975964225824483,
  "macro avg": {
    "precision": 0.6869772639287696,
    "recall": 0.6651947467461303,
    "f1-score": 0.56959474655289,
    "support": 3578.0
  },
  "weighted avg": {
    "precision": 0.6948137584371239,
    "recall": 0.6975964225824483,
    "f1-score": 0.5969211843686606,
    "support": 3578.0
  }
}