{
  "0": {
    "precision": 0.6190257352941176,
    "recall": 0.6943298969072165,
    "f1-score": 0.6545189504373178,
    "support": 1940.0
  },
  "1": {
    "precision": 0.6723287671232877,
    "recall": 0.5970802919708029,
    "f1-score": 0.6324742268041237,
    "support": 2055.0
  },
  "2": {
    "precision": 0.9979989994997499,
    "recall": 0.9950124688279302,
    "f1-score": 0.9965034965034965,
    "support": 2005.0
  },
  "accuracy": 0.7615,
  "macro avg": {
    "precision": 0.7631178339723851,
    "recall": 0.7621408859019833,
    "f1-score": 0.7611655579149792,
    "support": 6000.0
  },
  "weighted avg": {
    "precision": 0.7639222561509905,
    "recall": 0.7615,
    "f1-score": 0.7612484684033969,
    "support": 6000.0
  }
}