{
  "0": {
    "precision": 0.6560314685314685,
    "recall": 0.7265246853823815,
    "f1-score": 0.6894809370693615,
    "support": 2066.0
  },
  "1": {
    "precision": 0.674163783160323,
    "recall": 0.5973428717424629,
    "f1-score": 0.6334326740720672,
    "support": 1957.0
  },
  "2": {
    "precision": 0.9989888776541962,
    "recall": 0.9994941831057157,
    "f1-score": 0.9992414664981036,
    "support": 1977.0
  },
  "accuracy": 0.7743333333333333,
  "macro avg": {
    "precision": 0.776394709781996,
    "recall": 0.7744539134101868,
    "f1-score": 0.7740516925465108,
    "support": 6000.0
  },
  "weighted avg": {
    "precision": 0.7749500914588519,
    "recall": 0.7743333333333333,
    "f1-score": 0.7732659564018478,
    "support": 6000.0
  }
}