{
  "0": {
    "precision": 0.6744805540756527,
    "recall": 0.6267326732673267,
    "f1-score": 0.6497305619707467,
    "support": 2020.0
  },
  "1": {
    "precision": 0.6378066378066378,
    "recall": 0.6824498198661864,
    "f1-score": 0.6593734460467429,
    "support": 1943.0
  },
  "2": {
    "precision": 0.9960861056751468,
    "recall": 0.9995090819833088,
    "f1-score": 0.9977946581720166,
    "support": 2037.0
  },
  "accuracy": 0.7713333333333333,
  "macro avg": {
    "precision": 0.7694577658524792,
    "recall": 0.7695638583722739,
    "f1-score": 0.7689662220631687,
    "support": 6000.0
  },
  "weighted avg": {
    "precision": 0.7717894022918983,
    "recall": 0.7713333333333333,
    "f1-score": 0.7710210099243546,
    "support": 6000.0
  }
}