{
  "0": {
    "precision": 0.6325110689437066,
    "recall": 0.7446016381236039,
    "f1-score": 0.6839945280437757,
    "support": 2686.0
  },
  "1": {
    "precision": 0.6812933025404158,
    "recall": 0.560197493353589,
    "f1-score": 0.6148395164651939,
    "support": 2633.0
  },
  "2": {
    "precision": 0.9988768251591165,
    "recall": 0.9958939902948861,
    "f1-score": 0.9973831775700934,
    "support": 2679.0
  },
  "accuracy": 0.7680670167541885,
  "macro avg": {
    "precision": 0.770893732214413,
    "recall": 0.7668977072573596,
    "f1-score": 0.765405740693021,
    "support": 7998.0
  },
  "weighted avg": {
    "precision": 0.7712879484087252,
    "recall": 0.7680670167541885,
    "f1-score": 0.7662004603511774,
    "support": 7998.0
  }
}