{
  "0": {
    "precision": 0.5786951713969776,
    "recall": 0.7913306451612904,
    "f1-score": 0.6685118160527996,
    "support": 1984.0
  },
  "1": {
    "precision": 0.6882307092751364,
    "recall": 0.4324191968658178,
    "f1-score": 0.5311278195488722,
    "support": 2042.0
  },
  "2": {
    "precision": 0.982026959560659,
    "recall": 0.9969589457678661,
    "f1-score": 0.9894366197183099,
    "support": 1973.0
  },
  "accuracy": 0.7367894649108184,
  "macro avg": {
    "precision": 0.7496509467442577,
    "recall": 0.7402362625983248,
    "f1-score": 0.7296920851066605,
    "support": 5999.0
  },
  "weighted avg": {
    "precision": 0.7486310251049529,
    "recall": 0.7367894649108184,
    "f1-score": 0.7272960328841102,
    "support": 5999.0
  }
}