{
  "0": {
    "precision": 0.6519959058341863,
    "recall": 0.616650532429816,
    "f1-score": 0.6338308457711442,
    "support": 2066.0
  },
  "1": {
    "precision": 0.619559902200489,
    "recall": 0.6474195196729688,
    "f1-score": 0.6331834082958521,
    "support": 1957.0
  },
  "2": {
    "precision": 0.9865067466266867,
    "recall": 0.9984825493171472,
    "f1-score": 0.9924585218702866,
    "support": 1977.0
  },
  "accuracy": 0.7525,
  "macro avg": {
    "precision": 0.752687518220454,
    "recall": 0.7541842004733107,
    "f1-score": 0.7531575919790944,
    "support": 6000.0
  },
  "weighted avg": {
    "precision": 0.7516376846901243,
    "recall": 0.7525,
    "f1-score": 0.7517874925226206,
    "support": 6000.0
  }
}