{
  "0": {
    "precision": 0.6267154620311071,
    "recall": 0.6905241935483871,
    "f1-score": 0.657074340527578,
    "support": 1984.0
  },
  "1": {
    "precision": 0.6661237785016286,
    "recall": 0.6008814887365328,
    "f1-score": 0.6318228630278064,
    "support": 2042.0
  },
  "2": {
    "precision": 0.9934043632673769,
    "recall": 0.9923973644196655,
    "f1-score": 0.9929006085192698,
    "support": 1973.0
  },
  "accuracy": 0.7592932155359227,
  "macro avg": {
    "precision": 0.7620812012667043,
    "recall": 0.7612676822348617,
    "f1-score": 0.7605992706915514,
    "support": 5999.0
  },
  "weighted avg": {
    "precision": 0.7607292950652736,
    "recall": 0.7592932155359227,
    "f1-score": 0.7589282677976353,
    "support": 5999.0
  }
}