{
  "0": {
    "precision": 0.6536856745479833,
    "recall": 0.6824782187802517,
    "f1-score": 0.6677717262609519,
    "support": 2066.0
  },
  "1": {
    "precision": 0.6480985538296733,
    "recall": 0.6182933060807358,
    "f1-score": 0.6328451882845189,
    "support": 1957.0
  },
  "2": {
    "precision": 0.9959514170040485,
    "recall": 0.9954476479514416,
    "f1-score": 0.9956994687579054,
    "support": 1977.0
  },
  "accuracy": 0.7646666666666667,
  "macro avg": {
    "precision": 0.7659118817939018,
    "recall": 0.7654063909374763,
    "f1-score": 0.7654387944344587,
    "support": 6000.0
  },
  "weighted avg": {
    "precision": 0.7646399041463015,
    "recall": 0.7646666666666667,
    "f1-score": 0.7644320449437182,
    "support": 6000.0
  }
}