{
  "0": {
    "precision": 0.0,
    "recall": 0.0,
    "f1-score": 0.0,
    "support": 1984.0
  },
  "1": {
    "precision": 0.3196078431372549,
    "recall": 0.2394711067580803,
    "f1-score": 0.27379619260918253,
    "support": 2042.0
  },
  "2": {
    "precision": 0.3273663011859476,
    "recall": 0.7415103902686264,
    "f1-score": 0.4542067680844458,
    "support": 1973.0
  },
  "accuracy": 0.325387564594099,
  "macro avg": {
    "precision": 0.21565804810773415,
    "recall": 0.3269938323422356,
    "f1-score": 0.24266765356454278,
    "support": 5999.0
  },
  "weighted avg": {
    "precision": 0.21645823102619588,
    "recall": 0.325387564594099,
    "f1-score": 0.24258072657752333,
    "support": 5999.0
  }
}