{
  "0": {
    "precision": 0.4166666666666667,
    "recall": 1.0,
    "f1-score": 0.5882352941176471,
    "support": 25.0
  },
  "1": {
    "precision": 0.0,
    "recall": 0.0,
    "f1-score": 0.0,
    "support": 14.0
  },
  "2": {
    "precision": 0.0,
    "recall": 0.0,
    "f1-score": 0.0,
    "support": 21.0
  },
  "accuracy": 0.4166666666666667,
  "macro avg": {
    "precision": 0.1388888888888889,
    "recall": 0.3333333333333333,
    "f1-score": 0.19607843137254902,
    "support": 60.0
  },
  "weighted avg": {
    "precision": 0.17361111111111113,
    "recall": 0.4166666666666667,
    "f1-score": 0.2450980392156863,
    "support": 60.0
  }
}