{
  "0": {
    "precision": 0.0,
    "recall": 0.0,
    "f1-score": 0.0,
    "support": 25.0
  },
  "1": {
    "precision": 0.0,
    "recall": 0.0,
    "f1-score": 0.0,
    "support": 14.0
  },
  "2": {
    "precision": 0.35,
    "recall": 1.0,
    "f1-score": 0.5185185185185185,
    "support": 21.0
  },
  "accuracy": 0.35,
  "macro avg": {
    "precision": 0.11666666666666665,
    "recall": 0.3333333333333333,
    "f1-score": 0.1728395061728395,
    "support": 60.0
  },
  "weighted avg": {
    "precision": 0.1225,
    "recall": 0.35,
    "f1-score": 0.18148148148148147,
    "support": 60.0
  }
}