{
  "0": {
    "precision": 0.6414719045251119,
    "recall": 0.6243949661181026,
    "f1-score": 0.6328182487122884,
    "support": 2066.0
  },
  "1": {
    "precision": 0.6142284569138277,
    "recall": 0.6264690853346959,
    "f1-score": 0.6202883885656464,
    "support": 1957.0
  },
  "2": {
    "precision": 0.9869543401906673,
    "recall": 0.9949418310571573,
    "f1-score": 0.9909319899244332,
    "support": 1977.0
  },
  "accuracy": 0.7471666666666666,
  "macro avg": {
    "precision": 0.7475515672098689,
    "recall": 0.7486019608366519,
    "f1-score": 0.7480128757341227,
    "support": 6000.0
  },
  "weighted avg": {
    "precision": 0.746422462581032,
    "recall": 0.7471666666666666,
    "f1-score": 0.7467299037238604,
    "support": 6000.0
  }
}