{
  "0": {
    "precision": 0.6357861302276336,
    "recall": 0.6053427419354839,
    "f1-score": 0.6201910663568293,
    "support": 1984.0
  },
  "1": {
    "precision": 0.634180790960452,
    "recall": 0.6596474045053868,
    "f1-score": 0.6466634661545847,
    "support": 2042.0
  },
  "2": {
    "precision": 0.9904330312185297,
    "recall": 0.9969589457678661,
    "f1-score": 0.9936852740591058,
    "support": 1973.0
  },
  "accuracy": 0.7526254375729288,
  "macro avg": {
    "precision": 0.7534666508022051,
    "recall": 0.7539830307362455,
    "f1-score": 0.7535132688568399,
    "support": 5999.0
  },
  "weighted avg": {
    "precision": 0.7518788511596978,
    "recall": 0.7526254375729288,
    "f1-score": 0.7520398265141234,
    "support": 5999.0
  }
}