{
  "0": {
    "precision": 0.6338475499092558,
    "recall": 0.6761858664085189,
    "f1-score": 0.6543325526932084,
    "support": 2066.0
  },
  "1": {
    "precision": 0.6318435754189944,
    "recall": 0.5779253960143076,
    "f1-score": 0.6036829463570856,
    "support": 1957.0
  },
  "2": {
    "precision": 0.9765702891326022,
    "recall": 0.9908952959028832,
    "f1-score": 0.9836806427316094,
    "support": 1977.0
  },
  "accuracy": 0.7478333333333333,
  "macro avg": {
    "precision": 0.7474204714869508,
    "recall": 0.7483355194419032,
    "f1-score": 0.7472320472606345,
    "support": 6000.0
  },
  "weighted avg": {
    "precision": 0.7461210628037749,
    "recall": 0.7478333333333333,
    "f1-score": 0.7463325350942296,
    "support": 6000.0
  }
}