{
  "0": {
    "precision": 0.6218109054527263,
    "recall": 0.6265120967741935,
    "f1-score": 0.6241526487572182,
    "support": 1984.0
  },
  "1": {
    "precision": 0.6365022877478393,
    "recall": 0.6131243878550441,
    "f1-score": 0.6245946620104764,
    "support": 2042.0
  },
  "2": {
    "precision": 0.9680275454992622,
    "recall": 0.9974657881398885,
    "f1-score": 0.982526210683974,
    "support": 1973.0
  },
  "accuracy": 0.7439573262210368,
  "macro avg": {
    "precision": 0.7421135795666093,
    "recall": 0.7457007575897087,
    "f1-score": 0.7437578404838895,
    "support": 5999.0
  },
  "weighted avg": {
    "precision": 0.7406782555874881,
    "recall": 0.7439573262210368,
    "f1-score": 0.7421679227603258,
    "support": 5999.0
  }
}