{
  "0": {
    "precision": 0.6360558611933982,
    "recall": 0.7747422680412371,
    "f1-score": 0.6985823843829886,
    "support": 1940.0
  },
  "1": {
    "precision": 0.7324373854612095,
    "recall": 0.5834549878345499,
    "f1-score": 0.6495124593716143,
    "support": 2055.0
  },
  "2": {
    "precision": 0.999,
    "recall": 0.9965087281795512,
    "f1-score": 0.9977528089887641,
    "support": 2005.0
  },
  "accuracy": 0.7833333333333333,
  "macro avg": {
    "precision": 0.7891644155515359,
    "recall": 0.7849019946851127,
    "f1-score": 0.7819492175811223,
    "support": 6000.0
  },
  "weighted avg": {
    "precision": 0.7903503663063296,
    "recall": 0.7833333333333333,
    "f1-score": 0.7817487186223562,
    "support": 6000.0
  }
}