{
  "0": {
    "precision": 0.6710341600374357,
    "recall": 0.6940948693126815,
    "f1-score": 0.6823697359029265,
    "support": 2066.0
  },
  "1": {
    "precision": 0.6652360515021459,
    "recall": 0.633622892181911,
    "f1-score": 0.6490447526825438,
    "support": 1957.0
  },
  "2": {
    "precision": 0.9889944972486243,
    "recall": 1.0,
    "f1-score": 0.994466800804829,
    "support": 1977.0
  },
  "accuracy": 0.7751666666666667,
  "macro avg": {
    "precision": 0.7750882362627354,
    "recall": 0.7759059204981975,
    "f1-score": 0.7752937631300997,
    "support": 6000.0
  },
  "weighted avg": {
    "precision": 0.7739109414145954,
    "recall": 0.7751666666666667,
    "f1-score": 0.7743362200943885,
    "support": 6000.0
  }
}