{
  "0": {
    "precision": 0.0,
    "recall": 0.0,
    "f1-score": 0.0,
    "support": 1984.0
  },
  "1": {
    "precision": 0.34039006501083513,
    "recall": 1.0,
    "f1-score": 0.507897027732869,
    "support": 2042.0
  },
  "2": {
    "precision": 0.0,
    "recall": 0.0,
    "f1-score": 0.0,
    "support": 1973.0
  },
  "accuracy": 0.34039006501083513,
  "macro avg": {
    "precision": 0.11346335500361171,
    "recall": 0.3333333333333333,
    "f1-score": 0.16929900924428967,
    "support": 5999.0
  },
  "weighted avg": {
    "precision": 0.11586539635808057,
    "recall": 0.34039006501083513,
    "f1-score": 0.17288310228880122,
    "support": 5999.0
  }
}