{
  "0": {
    "precision": 0.6261843238587425,
    "recall": 0.7037754114230397,
    "f1-score": 0.6627164995442115,
    "support": 2066.0
  },
  "1": {
    "precision": 0.6353623188405797,
    "recall": 0.5600408788962699,
    "f1-score": 0.5953286257468767,
    "support": 1957.0
  },
  "2": {
    "precision": 0.996415770609319,
    "recall": 0.9843196762771876,
    "f1-score": 0.9903307888040712,
    "support": 1977.0
  },
  "accuracy": 0.7493333333333333,
  "macro avg": {
    "precision": 0.752654137769547,
    "recall": 0.7493786555321656,
    "f1-score": 0.7494586380317197,
    "support": 6000.0
  },
  "weighted avg": {
    "precision": 0.7511691415929665,
    "recall": 0.7493333333333333,
    "f1-score": 0.7486857296851046,
    "support": 6000.0
  }
}