{
  "0": {
    "precision": 0.6088314005352364,
    "recall": 0.6880040322580645,
    "f1-score": 0.6460009465215334,
    "support": 1984.0
  },
  "1": {
    "precision": 0.649025069637883,
    "recall": 0.5705190989226249,
    "f1-score": 0.6072452436799582,
    "support": 2042.0
  },
  "2": {
    "precision": 0.9954128440366973,
    "recall": 0.9898631525595539,
    "f1-score": 0.9926302414231258,
    "support": 1973.0
  },
  "accuracy": 0.7472912152025337,
  "macro avg": {
    "precision": 0.7510897714032723,
    "recall": 0.7494620945800811,
    "f1-score": 0.7486254772082059,
    "support": 5999.0
  },
  "weighted avg": {
    "precision": 0.7496549811880096,
    "recall": 0.7472912152025337,
    "f1-score": 0.7468111571630313,
    "support": 5999.0
  }
}