{
  "0": {
    "precision": 0.6396784381280506,
    "recall": 0.8294862248696947,
    "f1-score": 0.7223212838385475,
    "support": 2686.0
  },
  "1": {
    "precision": 0.7498637602179836,
    "recall": 0.5225977971895177,
    "f1-score": 0.6159355416293644,
    "support": 2633.0
  },
  "2": {
    "precision": 0.9985074626865672,
    "recall": 0.9988801791713325,
    "f1-score": 0.9986937861541332,
    "support": 2679.0
  },
  "accuracy": 0.7851962990747687,
  "macro avg": {
    "precision": 0.7960165536775339,
    "recall": 0.783654733743515,
    "f1-score": 0.7789835372073485,
    "support": 7998.0
  },
  "weighted avg": {
    "precision": 0.7961451685425366,
    "recall": 0.7851962990747687,
    "f1-score": 0.7798717057523603,
    "support": 7998.0
  }
}